avg_age,median_age,avg_cost
30.380846325167038,30,17.33737750556793
